Sex,Age,Citizenship,2007 January,2007 February,2007 March,2007 April,2007 May,2007 June,2007 July,2007 August,2007 September,2007 October,2007 November,2007 December,2008 January,2008 February,2008 March,2008 April,2008 May,2008 June,2008 July,2008 August,2008 September,2008 October,2008 November,2008 December,2009 January,2009 February,2009 March,2009 April,2009 May,2009 June,2009 July,2009 August,2009 September,2009 October,2009 November,2009 December,2010 January,2010 February,2010 March,2010 April,2010 May,2010 June,2010 July,2010 August,2010 September,2010 October,2010 November,2010 December,2011 January,2011 February,2011 March,2011 April,2011 May,2011 June,2011 July,2011 August,2011 September,2011 October,2011 November,2011 December,2012 January**,2012 February**,2012 March**,2012 April**,2012 May**,2012 June**,2012 July**,2012 August**,2012 September**,2012 October**,2012 November**,2012 December**,2013 January,2013 February,2013 March,2013 April,2013 May,2013 June,2013 July,2013 August,2013 September,2013 October,2013 November,2013 December,2014 January,2014 February,2014 March,2014 April,2014 May,2014 June,2014 July,2014 August,2014 September,2014 October,2014 November,2014 December,2015 January*,2015 February*,2015 March*,2015 April*,2015 May*,2015 June*,2015 July*,2015 August*,2015 September*,2015 October*,2015 November*
Male,Total age,Afghan,35,25,20,30,35,45,30,20,30,25,30,15,40,35,20,30,20,35,40,45,35,65,50,70,85,95,105,100,65,75,45,70,60,90,95,120,145,95,90,55,60,80,50,65,105,95,125,105,70,95,140,100,130,160,150,175,160,160,160,105,130,100,140,110,80,85,95,80,60,105,70,65,90,70,80,85,95,75,90,65,65,85,70,50,55,55,45,55,30,50,40,45,50,50,55,40,45,45,45,55,45,50,65,110,120,335,665
Male,Total age,Albanian,0,0,0,0,0,0,0,0,0,0,0,0,0,0,0,0,0,0,0,0,0,0,0,0,0,0,0,0,0,0,0,0,0,0,0,0,5,0,0,0,0,5,0,0,0,0,0,0,0,0,5,5,0,5,5,0,0,0,0,0,0,0,0,0,5,0,5,0,0,0,0,0,0,5,0,0,5,0,0,5,0,5,5,0,5,10,5,0,5,5,5,5,5,10,5,10,5,10,10,10,20,30,50,60,110,165,100
Male,Total age,Armenian,15,15,5,5,5,5,5,5,10,10,5,10,10,15,5,5,5,5,15,15,15,20,10,10,10,15,5,5,20,20,5,20,25,30,15,20,30,35,25,20,10,30,10,30,40,40,35,35,25,15,35,20,25,30,20,35,30,25,25,30,20,35,15,10,10,5,10,15,5,25,20,10,15,10,5,10,15,10,10,5,5,15,10,10,15,10,5,15,10,10,15,5,10,5,10,10,0,5,5,5,0,5,0,5,5,10,5
Male,Total age,Azerbaijani,5,10,5,0,5,5,0,5,5,0,0,0,10,5,0,5,0,5,5,5,10,5,5,5,5,10,5,5,5,5,10,0,5,10,15,5,10,5,5,5,0,5,5,5,5,10,5,5,10,10,5,5,0,10,5,5,20,10,5,5,15,0,10,0,5,5,5,5,0,5,5,5,5,5,5,5,5,5,0,5,5,5,5,5,0,0,0,5,5,5,5,5,5,5,5,5,5,5,5,0,5,0,0,0,5,5,5
Male,Total age,Bosnian,0,0,0,0,0,5,0,0,0,0,0,0,0,0,0,0,0,0,0,0,0,0,0,0,5,0,0,0,0,0,0,0,5,0,0,0,0,0,0,0,0,0,0,0,0,0,0,0,0,0,5,0,0,0,0,0,0,0,5,5,0,0,0,0,0,0,0,0,10,20,0,0,0,5,5,0,0,10,5,5,5,15,0,5,5,10,10,5,5,5,10,5,5,10,10,5,5,5,5,5,0,5,0,5,0,10,10
Male,Total age,Burundian,10,10,15,10,5,5,5,10,5,5,0,5,5,5,5,5,5,5,5,15,10,10,10,5,0,10,5,0,0,5,5,5,0,5,5,0,5,0,0,5,0,5,5,0,0,5,0,5,0,0,5,0,0,0,0,5,0,0,5,0,5,10,5,0,0,0,0,5,5,0,0,0,0,0,0,0,0,0,0,0,0,0,0,0,0,0,0,0,0,0,0,0,0,5,0,0,0,0,0,0,5,0,5,0,0,0,5
Male,Total age,Chinese,15,20,10,10,15,15,20,15,15,10,15,10,10,15,55,140,100,15,10,5,10,10,20,10,20,5,15,15,10,20,5,15,10,25,25,15,15,20,15,15,15,25,15,20,15,25,10,5,10,15,15,15,15,15,20,20,15,20,10,15,15,25,15,5,10,10,5,10,10,10,10,5,5,5,10,10,5,5,0,10,10,5,0,10,5,5,5,5,5,5,5,5,5,5,5,5,5,25,10,5,5,15,0,0,5,5,10
Male,Total age,Congolese,5,5,0,0,5,0,10,5,0,5,5,0,5,0,0,0,0,5,5,5,10,10,5,0,0,10,5,5,10,0,5,0,0,5,5,5,5,5,5,5,5,0,5,10,10,0,10,5,5,5,5,0,0,5,0,5,5,5,10,10,5,5,5,5,10,5,5,5,10,10,10,10,0,10,5,5,5,5,5,5,5,10,0,5,10,0,5,0,0,5,0,5,5,5,5,5,0,0,5,5,0,5,0,0,0,0,0
Male,Total age,Egyptian,0,0,0,0,0,0,0,0,0,0,0,5,0,0,0,0,0,5,0,0,5,5,5,0,5,0,5,0,5,5,5,5,5,5,5,0,0,0,5,10,0,0,0,5,5,5,5,0,0,5,5,5,5,5,5,0,0,5,15,5,10,5,10,10,10,15,5,5,5,35,25,15,15,20,20,15,20,10,15,20,10,20,10,10,10,15,10,10,10,5,5,5,10,5,5,5,10,10,10,5,5,5,10,5,5,5,5
Male,Total age,Eritrean,10,5,5,0,10,5,5,10,5,10,15,5,10,15,10,5,5,10,5,15,15,20,15,20,15,20,20,30,15,25,30,20,50,50,30,30,25,15,10,15,10,30,10,25,20,20,30,15,15,30,15,5,30,40,30,25,20,25,15,20,25,15,25,10,20,25,10,15,15,25,15,20,30,30,20,15,10,15,50,85,85,125,90,65,125,55,75,860,1430,140,80,50,55,50,35,25,15,15,60,255,735,845,670,825,485,630,180
Male,Total age,Ethiopian,5,0,0,0,5,10,5,10,0,0,0,5,5,0,0,5,5,0,5,5,5,5,5,0,5,5,5,0,5,10,5,5,10,5,10,5,5,5,10,5,0,5,5,0,5,0,5,5,5,5,5,5,0,5,5,10,5,10,5,5,5,5,5,5,5,5,0,0,5,5,5,5,5,0,5,0,0,0,5,5,5,5,5,10,0,5,0,5,20,15,10,10,5,5,5,5,5,5,10,10,10,10,15,15,5,15,5
Male,Total age,Georgian,15,5,5,5,0,5,5,5,5,10,5,0,0,10,5,0,0,5,0,10,10,5,10,0,10,10,5,10,5,25,10,20,35,35,95,80,105,80,100,5,5,10,15,15,15,25,20,15,5,25,20,5,5,20,30,25,10,25,10,10,10,5,20,10,10,15,10,20,25,25,25,20,15,10,15,10,15,15,15,15,25,15,25,20,25,15,25,30,35,10,30,30,20,25,10,25,20,20,25,20,20,20,15,15,15,25,20
Male,Total age,Guinean,5,5,5,0,20,25,25,35,15,15,20,5,10,5,10,5,5,15,15,10,15,15,15,5,10,10,20,15,10,10,10,10,10,15,25,20,20,20,15,5,5,10,5,5,10,15,10,10,10,10,5,10,5,10,15,15,0,10,15,10,10,15,15,20,15,10,10,5,10,5,10,10,10,10,15,10,10,5,5,10,5,10,5,0,5,5,0,5,5,10,5,0,5,5,5,0,5,5,5,5,5,5,10,5,5,10,5
Male,Total age,Indian,5,0,5,5,10,10,15,5,0,5,5,5,0,10,5,5,5,5,0,5,0,5,5,0,5,5,5,0,5,0,0,0,5,5,0,0,0,5,0,0,0,0,0,0,0,0,0,5,0,0,5,5,5,0,5,5,0,0,0,5,0,5,0,5,0,0,0,0,0,0,0,0,0,0,0,0,0,0,0,0,0,0,0,0,0,5,0,5,0,0,0,0,0,5,0,0,0,0,0,0,0,0,0,5,0,0,0
Male,Total age,Iraqi,125,80,80,75,95,80,90,180,195,255,275,210,320,275,235,235,380,490,390,390,440,435,180,155,155,155,165,90,70,95,90,80,120,130,140,110,100,95,120,100,110,90,85,70,125,115,130,85,135,105,125,115,125,115,110,125,115,100,70,70,110,120,100,100,85,75,70,95,85,110,105,65,95,50,55,50,40,45,65,50,35,80,60,45,60,70,45,60,50,80,95,120,115,120,60,80,55,55,30,35,35,50,70,125,335,840,490
Male,Total age,Iranian,30,35,25,15,25,15,15,20,30,20,15,5,15,15,10,25,20,20,15,25,20,40,35,45,40,30,20,25,15,25,35,25,25,30,60,60,65,50,40,40,35,35,25,25,50,55,70,40,70,65,50,40,60,50,65,70,75,70,85,50,75,60,55,55,50,50,45,65,65,70,60,60,70,65,50,65,45,45,55,50,45,45,40,30,35,40,35,25,35,25,35,35,35,30,20,50,25,40,20,15,20,25,35,55,70,325,580
Male,Total age,Ivorian,10,5,10,5,5,5,5,10,10,5,0,5,5,0,5,0,5,5,5,5,10,15,0,5,5,10,5,10,5,5,10,5,5,5,15,10,5,20,20,10,10,10,5,15,10,10,10,5,10,15,10,10,10,10,10,5,10,10,5,5,5,5,10,0,0,5,5,5,5,5,5,0,5,10,5,0,0,0,0,0,5,0,0,5,5,0,0,0,0,5,0,5,5,0,5,0,5,5,5,0,5,5,0,0,0,0,0
Male,Total age,Cameroonian,0,0,5,0,5,5,5,0,0,0,0,0,0,0,5,5,5,5,5,5,0,0,0,5,0,5,0,5,0,0,0,0,5,0,0,0,0,0,0,5,5,5,5,0,0,0,0,0,0,0,0,0,0,0,0,0,0,0,5,0,5,10,0,5,5,5,0,0,0,0,0,5,5,5,0,0,0,0,0,0,0,0,0,5,5,0,0,0,5,0,0,5,0,5,5,0,5,0,0,5,0,5,0,0,0,0,0
Male,Total age,Kosovar,0,0,0,0,0,0,0,0,0,0,0,0,0,0,0,0,0,0,0,0,0,0,0,0,5,5,0,0,0,0,5,0,5,0,5,0,0,0,10,0,0,0,0,0,0,5,10,5,0,5,5,0,0,5,5,0,0,0,0,0,0,0,0,0,0,5,0,0,0,0,10,5,0,0,5,0,0,5,10,0,5,0,0,0,5,5,5,0,5,0,5,5,5,5,5,5,5,10,5,15,45,115,75,80,35,45,20
Male,Total age,Libyan,5,5,0,5,0,5,5,0,0,5,0,0,0,0,5,5,0,5,5,10,5,15,0,15,5,5,0,5,5,5,15,10,0,5,15,15,15,10,25,30,10,10,10,15,10,5,10,10,20,15,15,5,15,20,10,10,10,5,0,5,5,5,5,5,10,10,10,5,10,10,5,15,15,10,15,5,20,5,15,10,10,25,15,10,15,10,10,5,5,10,10,25,20,15,5,5,10,10,5,5,5,10,5,10,15,10,5
Male,Total age,Macedonian,0,0,0,0,0,0,0,0,0,0,0,0,0,0,0,0,0,0,0,0,0,0,0,0,0,0,0,0,0,0,0,0,0,0,0,0,0,0,25,15,5,5,20,35,55,25,20,5,0,5,5,60,50,0,0,0,5,5,5,0,5,0,5,0,0,0,0,5,5,5,5,5,0,5,5,5,0,10,5,0,5,5,10,5,10,0,10,5,5,5,0,5,0,0,5,5,0,5,5,0,5,10,5,10,5,5,5
Male,Total age,Malian,0,0,0,0,0,0,0,0,0,0,0,0,0,0,0,0,0,0,0,0,0,0,0,0,0,0,0,0,0,0,0,0,0,0,0,0,0,10,5,0,0,0,0,0,0,0,0,0,0,0,0,0,0,0,0,0,0,0,0,0,0,0,5,10,5,5,0,0,0,5,0,0,5,10,10,10,5,0,0,0,0,0,0,0,0,5,0,5,0,5,5,0,0,5,0,0,0,0,0,0,0,0,0,0,0,0,0
Male,Total age,Moroccan,0,0,0,0,0,0,0,5,0,0,0,0,0,0,0,0,0,5,0,0,0,0,0,0,0,0,0,0,0,0,0,0,5,0,5,0,0,0,0,0,5,0,0,5,0,5,0,5,5,0,0,0,0,0,0,0,0,0,5,5,0,0,0,0,0,0,5,0,0,0,10,0,5,5,5,5,5,5,5,5,5,10,5,5,5,0,5,5,5,5,5,0,5,5,0,0,5,5,5,5,5,10,5,5,0,5,5
Male,Total age,Mongolian,5,5,5,5,5,5,5,5,5,5,5,0,5,0,5,5,5,5,0,5,10,10,5,0,5,10,20,10,15,15,0,10,5,15,15,10,15,10,10,10,5,15,5,10,15,10,10,5,5,5,5,0,10,10,10,10,15,5,10,5,5,5,5,10,10,5,0,5,5,10,0,0,5,0,0,5,0,10,5,5,0,10,10,5,10,15,20,20,15,10,5,15,15,20,30,20,25,5,20,20,15,30,25,5,10,15,5
Male,Total age,Myanmarese,0,0,0,0,5,0,5,0,0,0,0,5,0,0,5,10,0,5,5,15,15,5,5,5,5,5,5,5,0,5,0,5,5,5,10,5,0,10,10,0,5,0,5,5,5,5,5,5,5,5,0,5,5,5,5,5,0,5,0,0,5,5,0,0,0,0,5,0,0,5,0,0,0,0,5,0,0,5,0,0,10,0,0,10,0,0,0,0,0,0,0,5,0,0,0,0,0,0,5,0,5,0,5,0,5,5,5
Male,Total age,Nepalese,5,5,10,0,5,5,5,5,0,5,5,0,10,5,5,5,0,5,15,15,5,10,15,5,10,10,5,5,5,5,5,5,0,5,5,5,5,5,5,15,5,0,5,0,5,10,10,10,10,10,10,5,10,5,5,15,5,5,10,10,10,10,5,0,0,5,5,10,5,10,10,5,0,0,5,5,5,0,5,10,5,15,5,5,5,10,5,0,0,5,5,5,5,0,0,0,5,0,0,0,5,5,5,0,0,5,5
Male,Total age,Nigerian,10,20,15,10,15,15,15,5,10,10,10,10,10,10,5,5,0,10,5,5,10,5,0,5,5,10,5,10,10,10,5,15,5,10,10,5,15,10,15,10,10,10,5,10,15,10,15,15,10,15,5,10,5,10,10,10,15,5,5,5,15,10,10,10,5,5,5,0,5,15,5,5,10,10,10,5,10,5,15,10,10,15,5,5,10,10,10,10,15,15,10,10,20,20,20,10,15,15,15,15,15,15,10,10,15,25,15
Male,Total age,North Korean,0,0,0,0,0,0,0,0,0,0,0,0,0,0,0,0,0,0,0,0,0,0,0,0,0,0,0,0,0,0,0,0,0,0,0,0,0,0,0,0,0,0,0,0,0,0,0,0,0,0,0,0,0,0,0,0,0,0,0,0,0,0,5,0,5,0,5,5,5,5,5,5,5,5,10,5,5,10,5,5,10,5,5,5,0,0,0,0,0,0,0,0,0,0,0,0,0,0,0,0,0,0,0,0,0,0,0
Male,Total age,Ukrainian,5,0,0,5,0,0,0,0,0,0,0,0,0,0,0,0,0,0,0,0,0,0,0,0,0,0,0,0,0,0,0,0,0,0,0,0,0,0,0,0,0,0,5,0,0,0,0,5,0,5,0,0,0,5,0,5,5,5,0,0,5,5,0,0,0,0,0,0,0,0,0,0,0,0,0,0,5,0,0,0,5,0,5,5,5,5,15,5,10,10,30,10,20,20,10,15,20,30,35,40,40,60,45,50,25,70,75
Male,Total age,Pakistani,5,5,5,0,0,5,5,0,5,0,0,0,5,5,5,5,5,0,5,5,5,10,5,0,0,0,0,5,5,0,5,5,0,5,5,5,5,5,5,5,5,0,5,5,10,5,5,5,5,5,15,5,5,5,10,5,10,10,15,15,10,15,10,5,5,5,10,5,10,10,10,10,10,10,10,10,0,5,5,5,15,10,5,10,20,10,5,10,5,10,15,20,20,15,20,30,30,10,10,5,10,15,10,10,10,15,20
Male,Total age,Russian,5,10,5,10,0,5,0,10,5,5,0,5,10,0,10,5,0,5,10,0,5,5,5,5,5,15,5,5,5,5,5,10,5,10,15,10,10,15,5,20,5,10,10,5,10,10,15,5,15,15,20,10,15,20,25,30,30,35,35,35,45,65,50,40,25,30,50,50,20,25,30,15,20,20,15,10,10,10,15,10,15,20,15,10,15,10,5,10,10,10,5,15,5,10,20,5,10,15,10,5,5,5,5,5,10,15,5
Male,Total age,Citizen of Serbia,0,0,0,0,0,0,0,0,0,0,0,0,0,0,0,0,0,0,0,0,0,5,0,5,0,0,5,0,0,0,0,0,0,0,10,0,0,5,0,0,0,0,0,0,0,0,5,10,5,5,0,0,5,10,0,0,5,0,15,5,5,15,0,0,5,0,5,5,5,5,10,15,5,5,10,20,15,20,15,10,10,20,10,10,10,5,10,5,5,0,0,0,20,20,15,15,15,10,15,10,20,15,20,10,15,45,45
Male,Total age,Sierra Leonan,10,10,10,10,15,15,10,10,5,5,15,0,10,15,10,5,10,20,15,10,15,15,20,5,10,10,15,5,5,10,10,5,15,5,5,5,10,5,5,5,0,5,5,5,5,5,5,10,5,10,10,10,10,10,15,5,5,5,0,10,5,5,0,5,5,5,10,5,5,10,10,5,5,5,5,0,5,5,5,0,5,5,0,0,10,10,5,0,5,0,5,5,5,5,5,5,0,5,5,5,5,0,5,5,10,5,5
Male,Total age,Sudanese,10,10,5,10,5,5,5,0,5,5,5,0,5,5,5,5,5,0,5,10,5,5,15,5,5,5,15,10,5,5,10,5,15,5,15,15,10,10,15,10,5,10,5,10,15,15,15,35,5,10,10,5,10,10,10,15,15,15,15,15,15,15,10,5,10,5,15,10,5,15,10,5,10,15,5,10,5,10,5,5,10,5,5,5,10,10,10,5,15,25,15,35,20,15,10,10,5,5,5,10,40,35,35,30,30,20,15
Male,Total age,Somali,100,100,155,120,60,80,80,135,110,145,105,75,130,135,170,105,110,145,185,250,260,250,250,270,290,230,380,440,355,390,395,325,390,420,215,145,105,95,175,125,100,170,105,185,180,215,195,170,155,100,105,105,160,75,90,85,65,75,90,105,145,125,85,55,45,45,45,55,55,65,35,65,50,45,35,35,35,65,45,45,55,65,75,50,45,50,35,40,20,20,25,20,30,25,20,30,15,20,20,20,15,15,15,20,25,35,40
Male,Total age,Sri Lankan,10,10,10,20,20,15,10,10,10,5,5,10,20,15,15,10,10,10,15,10,30,10,20,15,20,25,15,5,10,10,10,0,5,15,20,15,15,15,15,10,10,10,5,5,15,30,10,25,5,15,20,15,10,5,5,5,5,15,10,15,10,10,5,10,15,5,10,10,10,10,15,25,10,20,10,5,10,5,10,5,10,5,5,10,5,5,15,10,10,0,5,5,5,10,5,5,10,5,10,10,5,0,0,5,5,0,0
Male,Total age,Syrian,15,5,15,0,0,0,0,5,0,5,5,0,0,0,10,0,10,5,0,5,10,5,5,5,5,15,5,5,5,5,5,0,10,5,20,15,5,10,15,5,5,5,5,10,10,5,15,10,5,5,5,10,5,15,15,10,20,20,20,10,15,20,10,15,15,20,20,25,70,60,65,40,70,70,80,80,75,100,120,125,175,225,185,215,335,190,240,375,510,680,860,885,1315,720,430,405,255,150,140,180,370,590,935,2405,3435,4120,1675
Male,Total age,Turkish,15,15,10,10,5,5,15,5,5,10,15,10,5,10,5,10,5,5,10,5,10,10,15,5,10,5,5,10,0,10,5,5,5,0,5,5,5,5,10,5,10,10,5,10,10,5,5,0,10,15,5,5,10,5,10,5,5,5,10,5,5,10,10,5,5,5,10,10,5,5,10,5,5,10,5,5,5,0,5,0,10,0,0,5,5,5,10,5,5,0,5,0,5,0,5,5,5,5,5,0,5,0,5,0,5,10,5
Male,Total age,Ugandan,0,0,0,0,0,0,0,0,0,0,0,0,0,0,0,0,0,0,0,0,0,0,0,0,0,5,5,5,5,5,0,0,5,5,5,5,5,0,0,0,0,5,0,5,5,5,5,5,5,0,0,5,5,0,5,5,5,5,5,5,5,0,10,0,5,10,0,5,5,5,10,10,5,5,5,10,10,0,5,5,10,5,10,10,15,20,5,5,5,5,5,0,5,0,5,5,5,5,5,10,10,0,5,10,5,5,10
Male,Total age,Belorussian,0,0,0,0,0,0,5,0,0,0,0,0,0,0,0,0,0,0,0,0,0,0,0,0,5,0,5,0,0,0,0,0,0,0,5,10,10,5,5,0,0,5,0,5,10,0,5,5,15,5,10,5,5,15,25,25,35,30,45,25,15,5,0,5,5,0,0,0,5,5,0,5,5,0,5,0,5,5,5,5,5,5,5,5,10,5,0,5,5,5,5,5,5,5,0,5,0,0,5,0,5,0,5,10,5,0,5
Male,Total age,Stateless / unknown,35,35,30,25,40,40,30,20,35,25,25,15,20,45,15,20,20,25,25,25,40,50,25,25,50,65,30,40,40,35,45,25,30,40,25,25,45,55,40,40,35,25,35,50,25,40,60,35,45,35,40,50,45,40,25,50,45,25,35,30,40,30,35,20,20,40,20,35,35,40,45,40,30,20,30,30,20,25,30,20,60,60,65,55,75,55,80,110,235,160,245,320,430,375,170,155,70,35,40,60,100,125,150,250,315,575,315
Female,Total age,Afghan,25,20,20,15,15,20,15,20,15,10,5,0,15,20,10,15,15,20,15,20,15,35,20,20,25,45,40,35,25,20,25,25,30,35,45,40,70,35,50,30,25,30,25,35,65,45,70,45,45,40,55,65,60,80,100,95,60,85,70,40,60,45,50,50,50,40,40,30,30,40,35,25,30,35,50,40,30,45,50,25,35,45,25,25,20,30,20,25,20,30,15,35,30,25,30,25,25,25,20,20,30,20,35,40,60,135,240
Female,Total age,Albanian,0,0,0,0,0,0,0,0,0,0,0,0,0,0,0,0,0,0,0,0,0,0,0,0,0,0,0,0,0,0,0,0,0,0,0,0,5,0,0,0,0,0,0,0,0,0,0,0,0,0,0,0,0,0,0,0,0,0,0,0,0,0,0,0,0,0,0,0,0,0,0,0,0,0,0,0,0,0,0,0,0,0,0,0,0,0,5,0,0,0,5,0,5,0,0,5,0,5,0,5,5,10,20,15,60,120,45
Female,Total age,Armenian,15,5,0,5,0,5,5,0,5,5,10,5,5,5,5,0,5,10,15,10,20,15,10,10,15,15,10,5,20,10,15,15,20,20,20,20,20,45,25,20,10,20,20,15,30,25,45,35,25,10,30,25,15,20,20,30,30,20,25,25,5,30,15,5,5,5,5,10,5,15,15,10,15,10,10,15,10,10,15,5,10,20,0,15,15,5,5,10,5,5,10,5,5,5,10,10,0,10,0,10,5,5,0,5,5,5,5
Female,Total age,Azerbaijani,5,5,0,5,0,5,5,0,10,0,0,0,5,10,5,5,0,5,5,0,10,5,5,0,5,5,0,0,5,5,5,5,0,10,15,5,10,0,5,5,0,5,0,0,5,5,0,0,15,5,5,0,0,10,5,0,10,5,0,5,5,0,5,0,0,0,5,5,5,0,0,5,5,5,5,5,5,5,0,0,0,5,5,5,5,0,0,0,5,0,5,5,5,5,0,5,10,0,0,0,5,0,0,0,5,5,0
Female,Total age,Bosnian,0,0,0,0,0,0,0,0,5,0,0,0,0,0,0,0,0,0,0,0,0,0,0,0,0,0,5,0,0,0,0,0,0,0,0,0,0,0,0,0,0,0,0,0,0,0,0,0,0,0,0,0,0,0,0,0,0,0,0,5,0,0,0,0,0,0,0,0,10,15,0,0,0,0,5,0,0,10,0,0,5,5,5,5,5,5,10,10,0,5,0,5,0,5,5,0,0,5,0,5,0,5,0,0,0,0,10
Female,Total age,Burundian,10,10,10,10,5,5,0,10,10,5,5,5,5,5,5,10,5,5,5,10,0,15,5,5,5,0,0,5,0,5,0,5,5,5,5,0,5,0,0,0,0,5,0,0,0,5,0,5,0,0,0,0,0,0,0,0,0,0,0,0,5,0,0,0,0,0,0,0,0,0,0,0,0,0,0,0,0,0,0,0,5,0,0,0,0,0,0,0,0,0,0,0,0,5,0,0,0,0,0,0,0,0,5,0,0,0,0
Female,Total age,Chinese,15,10,5,5,5,10,10,10,10,10,10,10,10,10,20,55,45,5,10,5,10,5,10,5,25,10,15,15,5,5,10,20,10,20,20,10,10,10,10,5,5,15,10,10,10,15,15,10,10,15,15,15,10,5,15,10,10,10,10,15,10,5,10,5,5,10,10,5,10,10,5,10,5,10,10,10,5,5,0,5,5,5,5,5,5,5,5,0,5,5,10,5,5,5,5,0,10,35,20,5,5,15,0,0,10,10,5
Female,Total age,Congolese,0,5,0,0,0,0,5,5,5,5,10,0,5,0,5,5,0,5,5,0,5,5,0,0,0,10,5,0,5,5,0,5,0,5,5,5,5,10,5,10,5,0,0,15,5,5,5,5,5,5,0,0,5,5,5,0,5,0,5,5,5,5,10,5,0,0,0,10,5,5,10,15,0,0,0,5,0,0,0,5,10,5,5,10,10,5,5,5,0,5,0,5,5,5,5,0,5,0,5,0,0,0,0,0,5,5,5
Female,Total age,Egyptian,0,0,0,0,0,0,0,0,0,0,0,0,0,0,0,0,0,0,0,0,5,0,0,0,0,0,0,0,5,0,0,0,0,0,0,0,0,0,0,0,0,0,0,0,5,0,0,0,0,5,0,0,0,0,5,0,0,5,0,5,0,0,5,0,0,0,0,5,0,20,10,5,0,5,0,5,10,5,10,10,0,5,0,5,5,0,5,5,5,5,0,5,0,0,0,0,0,5,5,0,5,0,5,0,0,5,0
Female,Total age,Eritrean,5,5,10,5,5,10,0,5,10,10,10,10,10,5,5,5,15,5,0,10,10,15,15,20,0,10,10,15,10,10,15,10,20,10,15,10,15,15,5,10,5,10,10,15,25,25,35,10,20,10,5,5,15,20,25,20,45,30,25,15,35,10,15,25,10,20,20,30,25,25,15,20,25,35,20,15,15,15,25,30,30,40,40,20,45,25,20,205,420,70,25,30,20,30,25,15,15,10,30,105,345,405,325,460,280,475,105
Female,Total age,Ethiopian,5,0,0,5,0,5,5,0,0,0,0,0,0,0,0,5,5,0,5,5,0,5,5,0,0,0,5,0,5,5,0,0,0,0,10,5,5,5,5,5,0,5,0,0,0,0,5,0,5,0,0,0,0,0,5,0,5,5,5,5,5,0,5,10,5,0,0,5,0,0,0,5,5,0,5,0,5,0,0,10,5,0,5,5,5,0,5,0,5,5,5,5,0,0,0,0,0,0,0,5,5,5,5,10,0,5,5
Female,Total age,Georgian,5,0,0,0,0,0,0,0,0,0,0,0,0,0,5,0,0,0,0,0,0,0,5,0,5,0,0,0,5,0,0,5,10,10,15,30,55,35,75,5,5,5,5,5,5,5,5,5,0,5,10,10,0,5,5,5,5,10,0,0,5,0,10,5,0,5,0,5,5,10,0,5,5,0,0,0,0,0,0,5,5,0,0,0,10,0,5,0,5,0,5,5,0,10,0,5,0,0,5,5,0,5,0,5,0,10,5
Female,Total age,Guinean,5,5,5,5,5,15,5,10,5,5,10,5,5,5,5,5,5,5,10,10,5,10,15,5,10,10,10,10,5,5,0,10,5,10,10,15,10,10,10,10,5,5,10,5,15,10,15,10,15,10,10,5,5,20,10,10,10,10,10,10,5,5,10,5,10,15,10,5,5,15,10,15,5,15,5,5,10,10,10,5,5,10,5,5,15,5,10,10,5,5,5,5,10,5,5,0,5,5,10,0,5,5,0,0,5,10,5
Female,Total age,Indian,0,0,0,0,0,0,0,0,0,0,0,0,0,0,5,0,0,0,0,0,0,0,0,0,0,0,0,0,0,0,0,0,0,0,0,0,0,0,0,0,0,0,0,0,0,0,0,0,0,0,0,0,0,0,0,0,0,0,0,0,0,0,0,0,0,0,0,0,0,0,0,0,0,0,0,0,0,0,0,0,0,0,0,0,0,0,0,0,0,0,0,0,0,0,0,0,0,0,0,0,0,0,0,0,0,0,0
Female,Total age,Iraqi,80,35,40,40,45,35,40,70,70,95,80,75,120,100,55,90,105,140,145,155,140,175,100,75,70,45,70,30,35,55,60,45,85,85,95,85,80,60,75,60,70,60,40,25,50,60,65,35,50,45,45,50,65,75,65,70,65,60,60,45,65,65,65,50,50,45,55,80,55,80,75,75,50,25,30,25,15,20,15,25,20,40,15,15,15,25,15,30,10,30,40,40,45,60,25,40,30,25,25,15,10,15,25,35,70,225,220
Female,Total age,Iranian,20,10,15,10,5,0,0,10,15,5,10,0,5,10,5,10,5,10,10,10,10,15,20,25,15,5,5,5,15,15,15,10,15,20,35,35,40,20,25,30,20,20,15,20,35,40,50,20,45,35,20,25,35,30,45,35,45,50,40,35,35,45,30,50,30,35,30,50,30,50,50,45,45,35,35,40,25,35,35,35,35,35,30,25,25,25,20,30,25,25,25,20,20,20,15,15,20,20,15,15,15,25,25,15,40,100,150
Female,Total age,Ivorian,5,5,0,5,5,5,5,5,5,10,5,5,0,0,5,5,5,5,5,5,5,5,0,0,0,5,0,0,0,0,0,5,0,5,5,5,5,0,5,5,5,5,5,5,5,0,0,0,5,5,5,0,0,0,0,0,5,0,0,0,0,0,5,0,0,0,0,5,5,0,5,5,5,0,5,0,0,0,0,0,0,0,0,0,0,0,0,0,0,0,0,0,0,0,0,0,0,0,0,0,0,0,0,0,0,0,0
Female,Total age,Cameroonian,0,0,0,0,0,5,5,0,5,0,5,0,0,5,5,0,0,5,0,0,5,0,0,0,0,5,0,0,0,0,0,5,0,0,0,5,0,0,0,5,5,0,5,0,0,5,0,0,0,0,0,0,0,0,5,0,0,0,0,0,5,0,0,0,0,0,0,0,0,0,0,0,0,0,0,0,0,0,0,0,0,0,0,0,0,0,0,0,0,0,0,0,0,0,0,0,0,0,0,0,0,0,0,5,0,0,0
Female,Total age,Kosovar,0,0,0,0,0,0,0,0,0,0,0,0,0,0,0,0,0,0,0,0,0,0,0,0,0,0,0,0,5,0,5,0,0,0,0,0,0,0,10,0,0,0,0,0,5,5,5,5,0,5,0,0,0,0,5,0,0,0,0,0,0,0,0,0,0,0,0,0,0,0,5,5,0,0,0,0,0,0,10,0,5,0,0,0,0,0,0,0,0,0,5,0,0,0,5,0,5,10,0,5,20,50,35,25,20,15,10
Female,Total age,Libyan,0,0,0,0,0,0,0,0,0,0,5,0,0,0,0,0,0,0,5,0,0,0,0,5,0,0,0,0,5,0,0,5,0,5,0,0,0,0,0,5,5,5,0,0,0,5,0,0,5,0,0,0,0,5,0,0,0,0,0,0,0,0,0,0,0,0,5,0,5,5,0,0,0,0,0,0,0,0,0,5,5,5,5,5,5,0,0,5,0,0,0,5,5,0,0,0,5,0,0,5,0,0,0,0,0,0,0
Female,Total age,Macedonian,0,0,0,0,0,0,0,0,0,0,0,0,0,0,0,0,0,0,0,0,0,0,0,0,0,0,0,0,0,0,0,0,0,0,0,5,0,0,15,15,0,0,20,25,55,25,15,10,0,0,5,55,50,5,0,0,5,5,0,0,5,0,5,0,0,0,0,0,5,5,5,5,0,5,5,5,5,5,5,5,0,5,5,5,10,0,10,10,5,5,0,5,5,0,0,5,0,5,5,0,0,10,5,5,0,5,5
Female,Total age,Malian,0,0,0,0,0,0,0,0,0,0,0,0,0,0,0,0,0,0,0,0,0,0,0,0,0,0,0,0,0,0,0,0,0,0,0,0,0,0,0,0,0,0,0,0,0,0,0,0,0,0,0,0,0,0,0,0,0,0,0,0,0,0,0,0,0,0,0,0,0,0,0,0,0,0,0,0,0,0,0,0,0,0,0,0,0,0,0,0,0,0,0,0,0,0,0,0,0,0,0,0,0,0,0,0,0,0,0
Female,Total age,Moroccan,0,0,0,0,0,0,0,0,0,0,0,0,0,0,0,0,0,0,0,0,0,0,0,0,0,0,0,0,0,0,0,0,0,0,5,0,0,0,5,0,0,0,0,0,0,0,0,0,0,0,0,0,0,0,0,0,0,0,0,0,0,0,0,0,0,5,0,0,0,5,0,0,0,0,0,5,0,0,0,0,0,0,0,0,0,0,0,0,0,0,5,0,5,0,0,0,0,5,5,0,0,5,5,5,5,5,5
Female,Total age,Mongolian,0,5,5,0,5,5,5,5,10,0,5,0,5,0,5,5,0,5,5,5,10,5,10,5,10,10,10,10,15,15,5,10,5,15,10,10,10,15,10,5,5,10,10,20,10,10,10,5,5,0,5,0,5,10,5,10,10,5,5,5,10,10,5,5,10,5,5,5,5,5,0,5,0,0,5,10,5,5,5,0,5,5,10,5,20,15,25,25,25,15,5,25,15,20,35,20,20,10,20,20,15,35,25,10,5,25,5
Female,Total age,Myanmarese,5,0,0,0,0,0,0,0,0,0,0,0,0,0,0,0,0,0,0,0,5,0,0,0,0,0,0,0,0,0,0,0,5,10,5,0,0,10,10,5,5,5,5,5,0,5,0,0,0,0,0,0,0,5,0,0,0,0,0,5,0,0,5,0,0,0,0,0,0,5,0,5,0,0,0,0,0,0,0,0,0,0,5,5,0,0,0,0,0,0,0,0,0,0,0,0,0,0,0,0,0,0,0,0,0,0,0
Female,Total age,Nepalese,0,0,5,5,5,0,0,0,0,0,0,0,0,0,0,5,0,0,15,10,0,5,0,0,0,5,0,0,0,0,5,5,5,0,0,0,5,0,0,0,0,0,0,0,0,0,5,0,5,5,5,5,5,0,0,10,0,0,5,5,5,0,5,0,5,0,0,5,0,5,0,5,5,0,0,0,0,0,0,5,0,5,0,0,0,5,0,0,0,0,5,0,0,5,5,0,0,0,0,0,0,0,0,0,0,0,0
Female,Total age,Nigerian,5,10,5,10,10,10,0,0,10,5,0,0,5,5,5,0,5,0,5,5,0,5,5,5,5,5,5,5,5,5,5,5,5,5,5,0,10,5,5,5,0,0,0,10,5,5,5,10,5,5,5,0,5,0,5,5,5,0,5,0,5,5,5,0,5,5,5,0,5,5,5,5,10,5,10,5,5,0,5,10,5,5,5,0,10,10,5,10,5,10,15,10,5,10,10,5,5,5,10,5,10,5,5,10,20,5,5
Female,Total age,North Korean,0,0,0,0,0,0,0,0,0,0,0,0,0,0,0,0,0,0,0,0,0,0,0,0,0,0,0,0,0,0,0,0,0,0,0,0,0,0,0,0,0,0,0,0,0,0,0,0,0,0,0,0,0,0,0,0,0,0,0,0,0,0,0,0,0,5,0,0,5,5,5,5,10,5,5,5,5,5,5,5,10,5,5,0,5,0,0,0,0,0,0,0,0,0,0,0,0,0,0,0,0,0,0,0,0,0,0
Female,Total age,Ukrainian,0,0,0,0,0,0,0,0,0,0,0,0,0,0,5,0,0,0,5,0,0,0,0,0,0,0,0,0,0,0,0,0,0,0,0,0,5,5,0,0,0,0,0,0,5,0,0,0,0,0,0,0,0,5,0,5,0,5,0,0,0,5,0,0,0,0,0,0,5,5,0,0,0,0,0,0,0,0,0,0,0,5,0,0,0,0,15,5,5,5,15,10,20,20,5,15,5,10,10,5,10,15,5,15,10,35,30
Female,Total age,Pakistani,0,0,0,0,0,0,0,0,5,0,0,0,0,0,0,0,0,0,0,0,0,0,0,0,5,0,0,0,0,5,0,0,0,0,5,5,0,5,0,0,0,0,0,5,0,5,5,5,0,0,5,0,0,0,5,0,5,5,0,5,5,5,0,5,0,10,15,0,15,5,5,5,5,5,0,0,0,5,0,5,5,0,0,10,5,5,0,5,0,0,5,15,0,5,5,10,10,10,5,0,0,15,0,5,5,5,0
Female,Total age,Russian,5,0,0,10,0,5,0,0,5,5,0,5,5,5,5,5,5,5,10,5,5,10,0,5,5,5,0,5,5,5,5,10,5,10,5,10,10,10,5,15,5,5,10,10,10,10,10,5,10,10,15,10,10,15,15,15,30,25,35,25,30,55,35,35,20,20,60,40,20,25,20,10,15,15,5,10,5,5,5,5,15,25,15,10,5,5,5,10,5,5,5,0,0,10,10,10,5,5,5,0,0,10,10,0,5,5,5
Female,Total age,Citizen of Serbia,0,0,0,0,0,0,0,0,0,0,0,0,0,0,0,0,0,0,0,0,0,0,0,0,0,0,0,0,0,0,0,0,0,0,10,0,0,5,5,5,0,0,0,0,0,0,0,5,5,5,0,0,0,5,0,5,5,0,15,5,5,10,5,0,5,5,5,0,5,5,15,10,5,0,5,15,15,20,10,10,15,20,5,5,5,10,10,0,0,5,5,5,5,20,10,10,10,10,10,5,15,10,10,5,10,40,35
Female,Total age,Sierra Leonan,5,10,15,5,15,15,5,10,15,5,5,5,10,5,5,5,10,10,5,5,5,5,10,0,5,15,0,5,5,5,5,5,10,15,10,10,5,5,5,10,15,5,0,5,5,0,5,5,10,5,5,0,0,5,0,10,10,5,5,5,5,5,5,0,5,0,5,0,0,5,10,10,5,0,10,5,5,5,5,5,5,5,10,5,10,5,5,10,5,5,5,5,5,5,5,5,0,5,5,5,5,5,5,0,5,0,0
Female,Total age,Sudanese,5,5,0,5,0,5,0,5,5,0,5,0,0,0,0,10,0,0,0,0,5,0,0,0,0,0,0,0,0,0,0,0,5,5,5,5,0,10,5,5,5,5,0,0,5,0,0,5,0,10,0,0,0,0,5,10,15,5,5,10,5,0,5,0,5,0,15,5,10,0,5,0,5,5,5,5,5,5,5,5,5,0,10,5,5,5,0,0,5,5,5,0,5,0,0,0,5,0,0,5,5,0,0,5,5,0,0
Female,Total age,Somali,75,60,85,55,40,50,60,75,70,80,50,45,100,95,150,95,85,125,215,170,170,165,160,160,175,160,195,200,120,190,160,150,195,230,150,130,115,100,150,130,100,130,120,200,195,245,215,150,140,75,70,70,105,40,55,60,45,40,45,45,80,55,45,50,35,60,40,30,50,50,45,65,35,40,40,30,35,85,45,40,50,60,80,80,40,50,20,15,10,10,15,15,20,15,10,10,20,15,15,10,15,10,10,5,15,20,25
Female,Total age,Sri Lankan,0,0,0,0,5,5,0,5,5,0,0,5,0,5,5,0,5,5,0,0,10,5,5,5,5,5,5,5,5,0,10,0,5,10,5,10,10,5,10,0,10,5,0,0,5,5,10,5,0,5,5,0,5,5,5,10,0,5,5,5,0,0,0,10,5,5,0,0,10,10,5,20,5,5,5,5,0,5,5,5,5,5,10,5,0,5,5,5,5,0,0,0,0,0,0,5,0,0,5,5,0,5,0,0,5,0,0
Female,Total age,Syrian,5,5,10,0,0,0,5,0,5,0,0,0,0,0,5,0,5,0,0,0,5,0,5,5,0,5,5,0,0,5,0,0,5,0,5,0,0,0,5,5,0,0,0,5,0,5,10,10,5,0,5,0,0,5,5,10,10,10,5,5,5,10,5,5,15,10,5,5,30,50,40,25,40,35,40,45,40,45,55,55,80,95,110,95,105,60,70,155,130,210,230,220,340,135,80,110,60,45,60,60,80,150,185,435,635,1135,730
Female,Total age,Turkish,5,5,5,0,5,0,0,5,5,0,5,5,0,0,0,0,0,0,0,0,0,0,0,0,0,0,0,0,0,5,0,0,0,0,5,0,0,0,5,0,5,5,0,0,5,0,0,0,5,5,0,0,0,0,0,5,0,0,0,0,0,5,5,0,0,5,5,0,0,5,0,5,0,0,5,0,0,0,5,0,0,0,0,5,5,0,5,0,0,0,5,0,5,0,0,0,0,0,0,0,0,0,0,0,0,5,5
Female,Total age,Ugandan,0,0,0,0,0,0,0,0,5,5,0,0,5,0,0,0,0,0,0,0,5,0,0,0,0,5,0,0,0,5,0,5,5,0,0,5,5,5,5,0,5,0,0,10,0,0,5,10,5,0,10,5,0,5,5,5,0,10,5,0,5,5,5,5,5,5,5,0,5,5,5,10,5,5,5,5,5,5,10,0,5,10,5,5,10,5,10,10,10,5,10,5,5,5,0,5,5,5,5,5,5,5,5,10,5,5,10
Female,Total age,Belorussian,0,0,0,0,0,0,0,0,0,0,0,0,0,0,0,0,0,0,0,0,0,0,0,0,0,0,0,0,0,0,0,0,0,0,0,0,0,0,0,0,0,0,0,0,0,0,0,0,5,0,5,0,0,0,0,5,5,5,15,5,5,0,0,5,0,0,0,0,0,0,0,0,0,0,5,0,5,5,0,0,0,0,0,5,0,0,0,0,0,0,0,0,0,0,0,0,0,0,0,0,0,0,0,0,0,0,0
Female,Total age,Stateless / unknown,30,25,20,25,15,35,15,20,10,25,15,5,10,25,10,10,15,15,20,15,40,30,15,20,25,30,15,20,25,30,25,25,30,30,30,10,20,30,35,25,25,20,20,25,25,35,20,25,45,30,35,25,40,30,20,50,30,20,25,15,30,25,30,15,15,25,25,15,35,25,15,35,10,20,10,20,15,20,15,15,45,55,40,15,30,20,25,40,95,70,115,155,175,90,60,55,15,15,15,15,40,35,40,100,120,235,200
